time_minus12h,time_minus6h,time_0h,time_plus6h,time_plus12h,center_lat,center_lon,track_number,total_precip,area,wt
2001-01-01 05:30:00,2001-01-01 11:30:00,2001-01-01 17:30:00,2001-01-01 23:30:00,2001-01-02 05:30:00,48.37081,9.644091,95.0,1010.6094,1363.0,4
2001-02-12 15:30:00,2001-02-12 21:30:00,2001-02-13 03:30:00,2001-02-13 09:30:00,2001-02-13 15:30:00,46.59164,15.032792,3877.0,702.2578,3592.0,5
2001-04-15 22:30:00,2001-04-16 04:30:00,2001-04-16 10:30:00,2001-04-16 16:30:00,2001-04-16 22:30:00,46.094467,14.653365,9853.0,19.35516,22.0,3
2001-04-29 16:30:00,2001-04-29 22:30:00,2001-04-30 04:30:00,2001-04-30 10:30:00,2001-04-30 16:30:00,46.73678,8.421748,11178.0,9.592767,10.0,8
2001-05-04 01:30:00,2001-05-04 07:30:00,2001-05-04 13:30:00,2001-05-04 19:30:00,2001-05-05 01:30:00,47.863033,14.726984,11618.0,132.21808,52.0,8
2001-05-04 04:30:00,2001-05-04 10:30:00,2001-05-04 16:30:00,2001-05-04 22:30:00,2001-05-05 04:30:00,47.821415,8.826672,11635.0,466.94827,246.0,8
2001-05-05 01:30:00,2001-05-05 07:30:00,2001-05-05 13:30:00,2001-05-05 19:30:00,2001-05-06 01:30:00,48.03671,12.814597,11710.0,39.256737,41.0,7
2001-05-30 22:30:00,2001-05-31 04:30:00,2001-05-31 10:30:00,2001-05-31 16:30:00,2001-05-31 22:30:00,48.13449,13.095252,14191.0,603.7105,472.0,1
2001-06-02 19:30:00,2001-06-03 01:30:00,2001-06-03 07:30:00,2001-06-03 13:30:00,2001-06-03 19:30:00,47.128983,12.3116455,14495.0,97.998245,64.0,9
2001-06-17 01:30:00,2001-06-17 07:30:00,2001-06-17 13:30:00,2001-06-17 19:30:00,2001-06-18 01:30:00,46.01965,12.608691,15975.0,55.927982,36.0,8
2001-06-27 01:30:00,2001-06-27 07:30:00,2001-06-27 13:30:00,2001-06-27 19:30:00,2001-06-28 01:30:00,46.83605,8.426317,16949.0,445.7702,117.0,10
2001-06-27 23:30:00,2001-06-28 05:30:00,2001-06-28 11:30:00,2001-06-28 17:30:00,2001-06-28 23:30:00,47.442215,14.706406,17043.0,222.39253,56.0,8
2001-06-30 03:30:00,2001-06-30 09:30:00,2001-06-30 15:30:00,2001-06-30 21:30:00,2001-07-01 03:30:00,47.234783,11.779085,17238.0,245.05374,37.0,10
2001-07-07 02:30:00,2001-07-07 08:30:00,2001-07-07 14:30:00,2001-07-07 20:30:00,2001-07-08 02:30:00,48.948288,11.899636,17850.0,1507.0908,596.0,8
2001-07-15 04:30:00,2001-07-15 10:30:00,2001-07-15 16:30:00,2001-07-15 22:30:00,2001-07-16 04:30:00,48.652626,11.919692,18666.0,1029.3098,202.0,8
2001-08-03 01:30:00,2001-08-03 07:30:00,2001-08-03 13:30:00,2001-08-03 19:30:00,2001-08-04 01:30:00,48.685055,11.86446,20672.0,5.5222034,15.0,8
2001-08-17 01:30:00,2001-08-17 07:30:00,2001-08-17 13:30:00,2001-08-17 19:30:00,2001-08-18 01:30:00,47.472984,12.189965,22061.0,212.17651,64.0,7
2001-08-30 23:30:00,2001-08-31 05:30:00,2001-08-31 11:30:00,2001-08-31 17:30:00,2001-08-31 23:30:00,46.078335,8.846131,23300.0,621.0096,106.0,8
2001-12-04 11:30:00,2001-12-04 17:30:00,2001-12-04 23:30:00,2001-12-05 05:30:00,2001-12-05 11:30:00,48.100216,8.609044,32188.0,2408.9158,1542.0,2
2002-03-21 10:30:00,2002-03-21 16:30:00,2002-03-21 22:30:00,2002-03-22 04:30:00,2002-03-22 10:30:00,46.025887,15.756389,6748.0,91.021255,132.0,3
2002-05-08 09:30:00,2002-05-08 15:30:00,2002-05-08 21:30:00,2002-05-09 03:30:00,2002-05-09 09:30:00,46.88289,8.293099,11129.0,770.59033,573.0,6
2002-05-09 23:30:00,2002-05-10 05:30:00,2002-05-10 11:30:00,2002-05-10 17:30:00,2002-05-10 23:30:00,48.558445,15.022848,11273.0,149.76933,38.0,6
2002-05-18 02:30:00,2002-05-18 08:30:00,2002-05-18 14:30:00,2002-05-18 20:30:00,2002-05-19 02:30:00,48.04094,9.428237,11925.0,141.25768,31.0,3
2002-05-26 15:30:00,2002-05-26 21:30:00,2002-05-27 03:30:00,2002-05-27 09:30:00,2002-05-27 15:30:00,46.55976,8.427097,12666.0,503.7317,169.0,8
2002-06-05 02:30:00,2002-06-05 08:30:00,2002-06-05 14:30:00,2002-06-05 20:30:00,2002-06-06 02:30:00,48.543674,10.651152,13691.0,33.758144,23.0,7
2002-06-16 01:30:00,2002-06-16 07:30:00,2002-06-16 13:30:00,2002-06-16 19:30:00,2002-06-17 01:30:00,48.211014,12.193768,14805.0,296.346,307.0,4
2002-06-19 01:30:00,2002-06-19 07:30:00,2002-06-19 13:30:00,2002-06-19 19:30:00,2002-06-20 01:30:00,47.0831,10.051715,15083.0,927.1142,140.0,7
2002-06-23 00:30:00,2002-06-23 06:30:00,2002-06-23 12:30:00,2002-06-23 18:30:00,2002-06-24 00:30:00,47.42999,15.276341,15408.0,224.93451,138.0,10
2002-07-09 04:30:00,2002-07-09 10:30:00,2002-07-09 16:30:00,2002-07-09 22:30:00,2002-07-10 04:30:00,48.259975,9.613147,16786.0,1209.2483,224.0,7
2002-07-21 02:30:00,2002-07-21 08:30:00,2002-07-21 14:30:00,2002-07-21 20:30:00,2002-07-22 02:30:00,47.63186,12.145366,17830.0,257.15488,65.0,1
2002-07-29 01:30:00,2002-07-29 07:30:00,2002-07-29 13:30:00,2002-07-29 19:30:00,2002-07-30 01:30:00,46.61228,14.78332,18557.0,680.34784,151.0,6
2002-07-31 00:30:00,2002-07-31 06:30:00,2002-07-31 12:30:00,2002-07-31 18:30:00,2002-08-01 00:30:00,48.83188,13.7703285,18744.0,72.279655,45.0,7
2002-09-02 05:30:00,2002-09-02 11:30:00,2002-09-02 17:30:00,2002-09-02 23:30:00,2002-09-03 05:30:00,47.677853,15.155065,21786.0,0.0,79.0,5
2002-09-20 09:30:00,2002-09-20 15:30:00,2002-09-20 21:30:00,2002-09-21 03:30:00,2002-09-21 09:30:00,46.090725,13.633833,23420.0,204.48892,96.0,1
2002-10-17 11:30:00,2002-10-17 17:30:00,2002-10-17 23:30:00,2002-10-18 05:30:00,2002-10-18 11:30:00,46.79023,15.609003,25945.0,4219.028,1052.0,2
2002-10-23 06:30:00,2002-10-23 12:30:00,2002-10-23 18:30:00,2002-10-24 00:30:00,2002-10-24 06:30:00,48.341198,15.308587,26496.0,2603.42,321.0,8
2002-10-23 08:30:00,2002-10-23 14:30:00,2002-10-23 20:30:00,2002-10-24 02:30:00,2002-10-24 08:30:00,46.20296,14.762491,26506.0,18.778343,9.0,8
2002-12-27 02:30:00,2002-12-27 08:30:00,2002-12-27 14:30:00,2002-12-27 20:30:00,2002-12-28 02:30:00,46.329372,15.003274,32097.0,1305.0015,4493.0,8
2003-01-03 10:30:00,2003-01-03 16:30:00,2003-01-03 22:30:00,2003-01-04 04:30:00,2003-01-04 10:30:00,48.64107,9.019536,303.0,14.015056,23.0,1
2003-01-12 21:30:00,2003-01-13 03:30:00,2003-01-13 09:30:00,2003-01-13 15:30:00,2003-01-13 21:30:00,47.42198,13.5638275,956.0,1473.1141,1348.0,5
2003-01-29 16:30:00,2003-01-29 22:30:00,2003-01-30 04:30:00,2003-01-30 10:30:00,2003-01-30 16:30:00,46.992256,9.413977,2308.0,145.52914,190.0,2
2003-04-19 13:30:00,2003-04-19 19:30:00,2003-04-20 01:30:00,2003-04-20 07:30:00,2003-04-20 13:30:00,46.51855,9.743254,9246.0,17.222538,47.0,8
2003-05-02 04:30:00,2003-05-02 10:30:00,2003-05-02 16:30:00,2003-05-02 22:30:00,2003-05-03 04:30:00,48.45,16.85,10402.0,0.004610627,16.0,2
2003-05-08 22:30:00,2003-05-09 04:30:00,2003-05-09 10:30:00,2003-05-09 16:30:00,2003-05-09 22:30:00,47.000854,10.602942,10974.0,20.62565,37.0,7
2003-05-19 14:30:00,2003-05-19 20:30:00,2003-05-20 02:30:00,2003-05-20 08:30:00,2003-05-20 14:30:00,48.381016,12.770448,11849.0,14.039387,916.0,2
2003-05-25 23:30:00,2003-05-26 05:30:00,2003-05-26 11:30:00,2003-05-26 17:30:00,2003-05-26 23:30:00,47.222286,15.997302,12434.0,114.82127,39.0,7
2003-05-28 01:30:00,2003-05-28 07:30:00,2003-05-28 13:30:00,2003-05-28 19:30:00,2003-05-29 01:30:00,46.954563,9.868927,12647.0,219.57834,185.0,5
2003-06-05 06:30:00,2003-06-05 12:30:00,2003-06-05 18:30:00,2003-06-06 00:30:00,2003-06-06 06:30:00,48.470806,12.564634,13436.0,3661.1096,1965.0,8
2003-06-08 08:30:00,2003-06-08 14:30:00,2003-06-08 20:30:00,2003-06-09 02:30:00,2003-06-09 08:30:00,47.731403,14.03053,13754.0,187.93645,49.0,8
2003-06-12 07:30:00,2003-06-12 13:30:00,2003-06-12 19:30:00,2003-06-13 01:30:00,2003-06-13 07:30:00,47.17811,8.287977,14171.0,2171.978,838.0,10
2003-06-17 05:30:00,2003-06-17 11:30:00,2003-06-17 17:30:00,2003-06-17 23:30:00,2003-06-18 05:30:00,47.014076,11.731456,14671.0,139.45084,39.0,7
2003-06-23 01:30:00,2003-06-23 07:30:00,2003-06-23 13:30:00,2003-06-23 19:30:00,2003-06-24 01:30:00,46.771645,11.456533,15223.0,58.37977,59.0,10
2003-06-24 02:30:00,2003-06-24 08:30:00,2003-06-24 14:30:00,2003-06-24 20:30:00,2003-06-25 02:30:00,46.47965,15.490972,15353.0,101.33522,66.0,10
2003-06-25 01:30:00,2003-06-25 07:30:00,2003-06-25 13:30:00,2003-06-25 19:30:00,2003-06-26 01:30:00,46.3041,10.829199,15442.0,4.541158,10.0,4
2003-07-16 01:30:00,2003-07-16 07:30:00,2003-07-16 13:30:00,2003-07-16 19:30:00,2003-07-17 01:30:00,48.081276,8.676601,17607.0,827.21136,353.0,8
2003-07-20 23:30:00,2003-07-21 05:30:00,2003-07-21 11:30:00,2003-07-21 17:30:00,2003-07-21 23:30:00,47.413597,10.645209,18082.0,821.1229,153.0,8
2003-07-28 00:30:00,2003-07-28 06:30:00,2003-07-28 12:30:00,2003-07-28 18:30:00,2003-07-29 00:30:00,47.132236,12.774972,18769.0,115.665985,50.0,2
2003-08-13 21:30:00,2003-08-14 03:30:00,2003-08-14 09:30:00,2003-08-14 15:30:00,2003-08-14 21:30:00,46.606533,12.922969,20455.0,47.66292,22.0,2
2003-08-15 04:30:00,2003-08-15 10:30:00,2003-08-15 16:30:00,2003-08-15 22:30:00,2003-08-16 04:30:00,46.286266,14.400879,20568.0,533.074,248.0,1
2003-08-28 02:30:00,2003-08-28 08:30:00,2003-08-28 14:30:00,2003-08-28 20:30:00,2003-08-29 02:30:00,46.389168,9.163524,21787.0,212.66458,102.0,2
2003-08-29 02:30:00,2003-08-29 08:30:00,2003-08-29 14:30:00,2003-08-29 20:30:00,2003-08-30 02:30:00,48.085697,15.448382,21871.0,1085.6418,1568.0,2
2003-10-04 19:30:00,2003-10-05 01:30:00,2003-10-05 07:30:00,2003-10-05 13:30:00,2003-10-05 19:30:00,46.38791,16.585295,25516.0,0.0,153.0,2
2003-11-16 14:30:00,2003-11-16 20:30:00,2003-11-17 02:30:00,2003-11-17 08:30:00,2003-11-17 14:30:00,46.72733,15.578601,29471.0,58.36657,203.0,3
2003-11-26 00:30:00,2003-11-26 06:30:00,2003-11-26 12:30:00,2003-11-26 18:30:00,2003-11-27 00:30:00,47.083473,11.238505,30281.0,400.85992,1058.0,2
2004-01-09 11:30:00,2004-01-09 17:30:00,2004-01-09 23:30:00,2004-01-10 05:30:00,2004-01-10 11:30:00,47.402203,11.7392435,818.0,53.7171,46.0,2
2004-02-03 08:30:00,2004-02-03 14:30:00,2004-02-03 20:30:00,2004-02-04 02:30:00,2004-02-04 08:30:00,46.446888,12.461441,3111.0,228.64621,459.0,6
2004-03-24 19:30:00,2004-03-25 01:30:00,2004-03-25 07:30:00,2004-03-25 13:30:00,2004-03-25 19:30:00,47.59467,15.134566,7576.0,1.0396188,34.0,9
2004-04-23 22:30:00,2004-04-24 04:30:00,2004-04-24 10:30:00,2004-04-24 16:30:00,2004-04-24 22:30:00,46.575573,15.056554,10293.0,156.0718,895.0,4
2004-05-21 22:30:00,2004-05-22 04:30:00,2004-05-22 10:30:00,2004-05-22 16:30:00,2004-05-22 22:30:00,46.501976,13.327648,12837.0,343.20483,217.0,2
2004-06-11 06:30:00,2004-06-11 12:30:00,2004-06-11 18:30:00,2004-06-12 00:30:00,2004-06-12 06:30:00,46.874973,14.813221,14920.0,780.13586,417.0,2
2004-06-12 03:30:00,2004-06-12 09:30:00,2004-06-12 15:30:00,2004-06-12 21:30:00,2004-06-13 03:30:00,47.16207,15.916481,14999.0,850.0405,225.0,2
2004-06-19 02:30:00,2004-06-19 08:30:00,2004-06-19 14:30:00,2004-06-19 20:30:00,2004-06-20 02:30:00,48.120213,14.696015,15615.0,352.66934,165.0,2
2004-06-19 14:30:00,2004-06-19 20:30:00,2004-06-20 02:30:00,2004-06-20 08:30:00,2004-06-20 14:30:00,46.58507,10.646154,15671.0,267.13916,264.0,8
2004-06-19 15:30:00,2004-06-19 21:30:00,2004-06-20 03:30:00,2004-06-20 09:30:00,2004-06-20 15:30:00,46.925392,14.307919,15673.0,2357.8066,524.0,8
2004-06-24 20:30:00,2004-06-25 02:30:00,2004-06-25 08:30:00,2004-06-25 14:30:00,2004-06-25 20:30:00,46.490593,13.944298,16179.0,1605.4581,500.0,9
2004-06-28 11:30:00,2004-06-28 17:30:00,2004-06-28 23:30:00,2004-06-29 05:30:00,2004-06-29 11:30:00,46.302525,13.169997,16544.0,551.3831,245.0,3
2004-07-01 01:30:00,2004-07-01 07:30:00,2004-07-01 13:30:00,2004-07-01 19:30:00,2004-07-02 01:30:00,47.522327,11.724017,16773.0,14.274663,9.0,2
2004-07-21 11:30:00,2004-07-21 17:30:00,2004-07-21 23:30:00,2004-07-22 05:30:00,2004-07-22 11:30:00,47.67063,9.17126,19001.0,549.24744,135.0,8
2004-07-22 23:30:00,2004-07-23 05:30:00,2004-07-23 11:30:00,2004-07-23 17:30:00,2004-07-23 23:30:00,46.755436,14.476959,19153.0,389.277,95.0,10
2004-08-06 23:30:00,2004-08-07 05:30:00,2004-08-07 11:30:00,2004-08-07 17:30:00,2004-08-07 23:30:00,48.44015,9.037319,20800.0,8.766143,13.0,6
2004-08-25 10:30:00,2004-08-25 16:30:00,2004-08-25 22:30:00,2004-08-26 04:30:00,2004-08-26 10:30:00,47.274075,8.707503,22419.0,687.5866,356.0,1
2004-10-09 08:30:00,2004-10-09 14:30:00,2004-10-09 20:30:00,2004-10-10 02:30:00,2004-10-10 08:30:00,46.120167,14.089539,26684.0,290.1234,50.0,3
2004-11-06 00:30:00,2004-11-06 06:30:00,2004-11-06 12:30:00,2004-11-06 18:30:00,2004-11-07 00:30:00,47.83,13.44,29172.0,0.0,10.0,3
2005-02-12 09:30:00,2005-02-12 15:30:00,2005-02-12 21:30:00,2005-02-13 03:30:00,2005-02-13 09:30:00,48.452297,11.560377,3921.0,230.63278,97.0,1
2005-03-24 09:30:00,2005-03-24 15:30:00,2005-03-24 21:30:00,2005-03-25 03:30:00,2005-03-25 09:30:00,47.520348,8.575637,7477.0,1141.487,374.0,8
2005-05-22 06:30:00,2005-05-22 12:30:00,2005-05-22 18:30:00,2005-05-23 00:30:00,2005-05-23 06:30:00,48.373386,11.910391,12770.0,192.89107,45.0,8
2005-05-30 05:30:00,2005-05-30 11:30:00,2005-05-30 17:30:00,2005-05-30 23:30:00,2005-05-31 05:30:00,48.151714,14.303782,13639.0,3491.4165,757.0,8
2005-06-04 10:30:00,2005-06-04 16:30:00,2005-06-04 22:30:00,2005-06-05 04:30:00,2005-06-05 10:30:00,46.77387,12.948341,14193.0,94.67913,75.0,2
2005-07-07 04:30:00,2005-07-07 10:30:00,2005-07-07 16:30:00,2005-07-07 22:30:00,2005-07-08 04:30:00,47.486156,11.892785,17355.0,138.63097,48.0,2
2005-07-22 05:30:00,2005-07-22 11:30:00,2005-07-22 17:30:00,2005-07-22 23:30:00,2005-07-23 05:30:00,46.026756,11.317787,18884.0,174.00462,41.0,3
2005-07-25 02:30:00,2005-07-25 08:30:00,2005-07-25 14:30:00,2005-07-25 20:30:00,2005-07-26 02:30:00,47.60542,13.877213,19151.0,620.50824,253.0,2
2005-08-19 17:30:00,2005-08-19 23:30:00,2005-08-20 05:30:00,2005-08-20 11:30:00,2005-08-20 17:30:00,46.428123,9.625263,21556.0,1291.8676,693.0,7
2005-09-29 02:30:00,2005-09-29 08:30:00,2005-09-29 14:30:00,2005-09-29 20:30:00,2005-09-30 02:30:00,48.598934,14.680547,25059.0,46.48447,126.0,1
2005-11-20 06:30:00,2005-11-20 12:30:00,2005-11-20 18:30:00,2005-11-21 00:30:00,2005-11-21 06:30:00,48.265663,13.382127,30067.0,168.51814,86.0,4
2005-12-02 13:30:00,2005-12-02 19:30:00,2005-12-03 01:30:00,2005-12-03 07:30:00,2005-12-03 13:30:00,47.510628,14.748641,31094.0,2707.1982,2202.0,2
2005-12-04 10:30:00,2005-12-04 16:30:00,2005-12-04 22:30:00,2005-12-05 04:30:00,2005-12-05 10:30:00,47.961155,9.78681,31276.0,2117.2632,617.0,2
2005-12-16 15:30:00,2005-12-16 21:30:00,2005-12-17 03:30:00,2005-12-17 09:30:00,2005-12-17 15:30:00,47.82323,15.346396,32362.0,72.10518,40.0,3
2005-12-21 17:30:00,2005-12-21 23:30:00,2005-12-22 05:30:00,2005-12-22 11:30:00,2005-12-22 17:30:00,48.482193,12.675296,32679.0,1121.8835,2227.0,4
2005-12-24 09:30:00,2005-12-24 15:30:00,2005-12-24 21:30:00,2005-12-25 03:30:00,2005-12-25 09:30:00,46.10917,15.952314,32912.0,47.926712,47.0,10
2006-02-17 23:30:00,2006-02-18 05:30:00,2006-02-18 11:30:00,2006-02-18 17:30:00,2006-02-18 23:30:00,46.89024,8.755447,3709.0,2037.0657,1688.0,2
2006-03-28 02:30:00,2006-03-28 08:30:00,2006-03-28 14:30:00,2006-03-28 20:30:00,2006-03-29 02:30:00,48.323086,10.494637,7028.0,514.9432,194.0,2
2006-03-28 17:30:00,2006-03-28 23:30:00,2006-03-29 05:30:00,2006-03-29 11:30:00,2006-03-29 17:30:00,47.854427,16.749296,7101.0,85.94334,118.0,9
2006-04-02 21:30:00,2006-04-03 03:30:00,2006-04-03 09:30:00,2006-04-03 15:30:00,2006-04-03 21:30:00,46.53737,13.144074,7573.0,436.54535,181.0,5
2006-04-29 06:30:00,2006-04-29 12:30:00,2006-04-29 18:30:00,2006-04-30 00:30:00,2006-04-30 06:30:00,47.60876,12.123562,10284.0,106.8316,95.0,9
2006-06-02 14:30:00,2006-06-02 20:30:00,2006-06-03 02:30:00,2006-06-03 08:30:00,2006-06-03 14:30:00,47.40584,15.048999,13709.0,195.7301,890.0,6
2006-06-16 04:30:00,2006-06-16 10:30:00,2006-06-16 16:30:00,2006-06-16 22:30:00,2006-06-17 04:30:00,47.246933,10.254024,15055.0,421.1106,271.0,10
2006-06-19 01:30:00,2006-06-19 07:30:00,2006-06-19 13:30:00,2006-06-19 19:30:00,2006-06-20 01:30:00,47.714436,15.97162,15330.0,35.415707,34.0,2
2006-06-21 01:30:00,2006-06-21 07:30:00,2006-06-21 13:30:00,2006-06-21 19:30:00,2006-06-22 01:30:00,46.33622,8.521703,15570.0,36.77731,35.0,2
2006-06-21 23:30:00,2006-06-22 05:30:00,2006-06-22 11:30:00,2006-06-22 17:30:00,2006-06-22 23:30:00,46.872875,12.606709,15677.0,10.281135,28.0,2
2006-06-25 23:30:00,2006-06-26 05:30:00,2006-06-26 11:30:00,2006-06-26 17:30:00,2006-06-26 23:30:00,47.840088,16.02204,16092.0,4.450926,10.0,8
2006-06-26 12:30:00,2006-06-26 18:30:00,2006-06-27 00:30:00,2006-06-27 06:30:00,2006-06-27 12:30:00,48.864902,13.949905,16160.0,705.232,120.0,2
2006-06-28 03:30:00,2006-06-28 09:30:00,2006-06-28 15:30:00,2006-06-28 21:30:00,2006-06-29 03:30:00,47.7155,13.765795,16310.0,452.5281,157.0,2
2006-06-28 06:30:00,2006-06-28 12:30:00,2006-06-28 18:30:00,2006-06-29 00:30:00,2006-06-29 06:30:00,47.342495,12.045332,16321.0,30.552862,94.0,2
2006-06-28 16:30:00,2006-06-28 22:30:00,2006-06-29 04:30:00,2006-06-29 10:30:00,2006-06-29 16:30:00,46.332787,10.928339,16355.0,249.94412,257.0,2
2006-07-06 00:30:00,2006-07-06 06:30:00,2006-07-06 12:30:00,2006-07-06 18:30:00,2006-07-07 00:30:00,47.453148,10.739782,16991.0,128.31581,79.0,8
2006-07-11 21:30:00,2006-07-12 03:30:00,2006-07-12 09:30:00,2006-07-12 15:30:00,2006-07-12 21:30:00,47.977184,8.225696,17530.0,32.610523,19.0,6
2006-07-28 00:30:00,2006-07-28 06:30:00,2006-07-28 12:30:00,2006-07-28 18:30:00,2006-07-29 00:30:00,46.736134,8.012587,19029.0,85.344215,104.0,7
2006-08-11 04:30:00,2006-08-11 10:30:00,2006-08-11 16:30:00,2006-08-11 22:30:00,2006-08-12 04:30:00,46.339092,9.914239,20353.0,14.908722,81.0,3
2006-08-20 02:30:00,2006-08-20 08:30:00,2006-08-20 14:30:00,2006-08-20 20:30:00,2006-08-21 02:30:00,47.460804,13.309659,21212.0,870.5459,346.0,2
2006-08-23 23:30:00,2006-08-24 05:30:00,2006-08-24 11:30:00,2006-08-24 17:30:00,2006-08-24 23:30:00,48.122684,9.943488,21607.0,815.7446,280.0,8
2006-08-24 13:30:00,2006-08-24 19:30:00,2006-08-25 01:30:00,2006-08-25 07:30:00,2006-08-25 13:30:00,46.318512,14.451016,21675.0,3680.1255,1179.0,9
2006-09-07 03:30:00,2006-09-07 09:30:00,2006-09-07 15:30:00,2006-09-07 21:30:00,2006-09-08 03:30:00,48.702766,8.041506,22974.0,195.02864,92.0,2
2006-09-25 08:30:00,2006-09-25 14:30:00,2006-09-25 20:30:00,2006-09-26 02:30:00,2006-09-26 08:30:00,47.9362,8.258815,24657.0,809.8396,1168.0,7
2006-10-03 21:30:00,2006-10-04 03:30:00,2006-10-04 09:30:00,2006-10-04 15:30:00,2006-10-04 21:30:00,46.02058,15.24694,25422.0,409.5565,418.0,2
2006-10-04 05:30:00,2006-10-04 11:30:00,2006-10-04 17:30:00,2006-10-04 23:30:00,2006-10-05 05:30:00,46.78277,13.154463,25457.0,1096.1421,747.0,2
2006-10-24 01:30:00,2006-10-24 07:30:00,2006-10-24 13:30:00,2006-10-24 19:30:00,2006-10-25 01:30:00,47.214897,13.309825,27173.0,611.3696,178.0,2
2007-03-21 17:30:00,2007-03-21 23:30:00,2007-03-22 05:30:00,2007-03-22 11:30:00,2007-03-22 17:30:00,48.721783,8.179386,7094.0,693.6264,3027.0,9
2007-05-04 18:30:00,2007-05-05 00:30:00,2007-05-05 06:30:00,2007-05-05 12:30:00,2007-05-05 18:30:00,47.50149,9.815966,11456.0,822.36285,432.0,7
2007-05-15 00:30:00,2007-05-15 06:30:00,2007-05-15 12:30:00,2007-05-15 18:30:00,2007-05-16 00:30:00,47.288387,16.117966,12414.0,3453.2573,1606.0,8
2007-05-24 23:30:00,2007-05-25 05:30:00,2007-05-25 11:30:00,2007-05-25 17:30:00,2007-05-25 23:30:00,47.25882,14.23183,13417.0,17.018517,72.0,10
2007-05-27 06:30:00,2007-05-27 12:30:00,2007-05-27 18:30:00,2007-05-28 00:30:00,2007-05-28 06:30:00,48.022892,10.761795,13653.0,203.518,94.0,2
2007-06-07 00:30:00,2007-06-07 06:30:00,2007-06-07 12:30:00,2007-06-07 18:30:00,2007-06-08 00:30:00,47.41158,9.758011,14774.0,64.94705,24.0,6
2007-06-09 22:30:00,2007-06-10 04:30:00,2007-06-10 10:30:00,2007-06-10 16:30:00,2007-06-10 22:30:00,47.647945,13.346683,15124.0,26.299183,35.0,5
2007-06-11 00:30:00,2007-06-11 06:30:00,2007-06-11 12:30:00,2007-06-11 18:30:00,2007-06-12 00:30:00,46.13111,10.214293,15254.0,32.70668,36.0,4
2007-06-14 22:30:00,2007-06-15 04:30:00,2007-06-15 10:30:00,2007-06-15 16:30:00,2007-06-15 22:30:00,46.08738,11.978318,15678.0,155.56181,87.0,8
2007-06-20 00:30:00,2007-06-20 06:30:00,2007-06-20 12:30:00,2007-06-20 18:30:00,2007-06-21 00:30:00,47.30047,14.755953,16234.0,13.811685,30.0,10
2007-06-20 06:30:00,2007-06-20 12:30:00,2007-06-20 18:30:00,2007-06-21 00:30:00,2007-06-21 06:30:00,47.612747,8.94175,16259.0,964.3872,363.0,10
2007-06-24 10:30:00,2007-06-24 16:30:00,2007-06-24 22:30:00,2007-06-25 04:30:00,2007-06-25 10:30:00,47.96293,11.490891,16663.0,192.5385,77.0,1
2007-06-29 04:30:00,2007-06-29 10:30:00,2007-06-29 16:30:00,2007-06-29 22:30:00,2007-06-30 04:30:00,46.577305,12.625308,17094.0,10.851056,14.0,4
2007-07-10 02:30:00,2007-07-10 08:30:00,2007-07-10 14:30:00,2007-07-10 20:30:00,2007-07-11 02:30:00,46.099728,12.080981,18072.0,23.282295,43.0,9
2007-08-02 13:30:00,2007-08-02 19:30:00,2007-08-03 01:30:00,2007-08-03 07:30:00,2007-08-03 13:30:00,46.417282,10.009879,20384.0,1018.72424,679.0,9
2007-08-16 23:30:00,2007-08-17 05:30:00,2007-08-17 11:30:00,2007-08-17 17:30:00,2007-08-17 23:30:00,47.155697,12.811343,21670.0,55.660805,24.0,2
2007-08-18 23:30:00,2007-08-19 05:30:00,2007-08-19 11:30:00,2007-08-19 17:30:00,2007-08-19 23:30:00,47.485237,11.188117,21851.0,38.084896,11.0,8
2007-08-23 05:30:00,2007-08-23 11:30:00,2007-08-23 17:30:00,2007-08-23 23:30:00,2007-08-24 05:30:00,48.5715,15.977573,22275.0,109.25216,170.0,8
2007-08-29 01:30:00,2007-08-29 07:30:00,2007-08-29 13:30:00,2007-08-29 19:30:00,2007-08-30 01:30:00,46.708576,16.381884,22885.0,685.9785,466.0,1
2007-09-17 23:30:00,2007-09-18 05:30:00,2007-09-18 11:30:00,2007-09-18 17:30:00,2007-09-18 23:30:00,47.233547,10.810365,24938.0,2094.2073,1224.0,2
2007-10-05 19:30:00,2007-10-06 01:30:00,2007-10-06 07:30:00,2007-10-06 13:30:00,2007-10-06 19:30:00,46.011395,14.804544,26628.0,2869.523,1202.0,4
2007-10-17 12:30:00,2007-10-17 18:30:00,2007-10-18 00:30:00,2007-10-18 06:30:00,2007-10-18 12:30:00,48.824486,14.913002,27828.0,37.817062,10.0,1
2007-10-22 21:30:00,2007-10-23 03:30:00,2007-10-23 09:30:00,2007-10-23 15:30:00,2007-10-23 21:30:00,48.69334,16.746576,28357.0,245.26166,882.0,6
2007-11-19 19:30:00,2007-11-20 01:30:00,2007-11-20 07:30:00,2007-11-20 13:30:00,2007-11-20 19:30:00,47.061466,9.520826,30919.0,847.97955,1212.0,7
2007-11-23 05:30:00,2007-11-23 11:30:00,2007-11-23 17:30:00,2007-11-23 23:30:00,2007-11-24 05:30:00,47.391163,14.773814,31230.0,167.96405,1113.0,8
2008-03-11 12:30:00,2008-03-11 18:30:00,2008-03-12 00:30:00,2008-03-12 06:30:00,2008-03-12 12:30:00,48.093567,15.654847,6276.0,95.535225,159.0,1
2008-05-29 23:30:00,2008-05-30 05:30:00,2008-05-30 11:30:00,2008-05-30 17:30:00,2008-05-30 23:30:00,47.769035,9.5195675,14103.0,59.884823,62.0,7
2008-05-29 23:30:00,2008-05-30 05:30:00,2008-05-30 11:30:00,2008-05-30 17:30:00,2008-05-30 23:30:00,46.37163,13.291394,14105.0,163.4359,47.0,7
2008-06-01 00:30:00,2008-06-01 06:30:00,2008-06-01 12:30:00,2008-06-01 18:30:00,2008-06-02 00:30:00,47.553017,15.954811,14285.0,8.159732,9.0,10
2008-06-02 01:30:00,2008-06-02 07:30:00,2008-06-02 13:30:00,2008-06-02 19:30:00,2008-06-03 01:30:00,46.746677,12.78281,14400.0,348.37128,226.0,7
2008-06-10 00:30:00,2008-06-10 06:30:00,2008-06-10 12:30:00,2008-06-10 18:30:00,2008-06-11 00:30:00,46.836853,12.228142,15203.0,64.777435,37.0,5
2008-06-10 20:30:00,2008-06-11 02:30:00,2008-06-11 08:30:00,2008-06-11 14:30:00,2008-06-11 20:30:00,47.451805,16.055216,15276.0,4.6808615,11.0,3
2008-06-24 01:30:00,2008-06-24 07:30:00,2008-06-24 13:30:00,2008-06-24 19:30:00,2008-06-25 01:30:00,46.867916,11.486062,16600.0,34.727577,12.0,10
2008-06-26 01:30:00,2008-06-26 07:30:00,2008-06-26 13:30:00,2008-06-26 19:30:00,2008-06-27 01:30:00,46.40928,8.942076,16801.0,212.8453,53.0,10
2008-06-29 02:30:00,2008-06-29 08:30:00,2008-06-29 14:30:00,2008-06-29 20:30:00,2008-06-30 02:30:00,46.107384,8.478302,17111.0,123.190155,26.0,4
2008-07-02 18:30:00,2008-07-03 00:30:00,2008-07-03 06:30:00,2008-07-03 12:30:00,2008-07-03 18:30:00,46.77605,8.64869,17504.0,13.574142,39.0,7
2008-07-12 02:30:00,2008-07-12 08:30:00,2008-07-12 14:30:00,2008-07-12 20:30:00,2008-07-13 02:30:00,48.3806,13.808282,18456.0,1005.73663,203.0,8
2008-07-12 21:30:00,2008-07-13 03:30:00,2008-07-13 09:30:00,2008-07-13 15:30:00,2008-07-13 21:30:00,48.664318,12.351584,18527.0,179.10843,208.0,8
2008-07-13 03:30:00,2008-07-13 09:30:00,2008-07-13 15:30:00,2008-07-13 21:30:00,2008-07-14 03:30:00,46.007812,8.190447,18562.0,13.667146,49.0,8
2008-07-13 09:30:00,2008-07-13 15:30:00,2008-07-13 21:30:00,2008-07-14 03:30:00,2008-07-14 09:30:00,46.0422,13.806561,18593.0,196.74765,79.0,8
2008-08-01 00:30:00,2008-08-01 06:30:00,2008-08-01 12:30:00,2008-08-01 18:30:00,2008-08-02 00:30:00,47.05669,8.399998,20529.0,44.60089,27.0,7
2008-08-07 17:30:00,2008-08-07 23:30:00,2008-08-08 05:30:00,2008-08-08 11:30:00,2008-08-08 17:30:00,46.888485,13.43589,21156.0,282.20975,158.0,9
2008-08-14 19:30:00,2008-08-15 01:30:00,2008-08-15 07:30:00,2008-08-15 13:30:00,2008-08-15 19:30:00,46.55417,13.148455,21885.0,2.9461703,13.0,8
2008-08-22 21:30:00,2008-08-23 03:30:00,2008-08-23 09:30:00,2008-08-23 15:30:00,2008-08-23 21:30:00,46.41611,14.07013,22708.0,20.419615,12.0,9
2008-12-02 08:30:00,2008-12-02 14:30:00,2008-12-02 20:30:00,2008-12-03 02:30:00,2008-12-03 08:30:00,47.576473,14.551409,32355.0,1323.3182,1400.0,2
2008-12-04 11:30:00,2008-12-04 17:30:00,2008-12-04 23:30:00,2008-12-05 05:30:00,2008-12-05 11:30:00,47.92948,9.197505,32566.0,3620.8188,1280.0,2
2009-02-16 09:30:00,2009-02-16 15:30:00,2009-02-16 21:30:00,2009-02-17 03:30:00,2009-02-17 09:30:00,48.38889,10.772222,4310.0,0.0,18.0,4
2009-03-29 00:30:00,2009-03-29 06:30:00,2009-03-29 12:30:00,2009-03-29 18:30:00,2009-03-30 00:30:00,46.7115,13.744997,8266.0,12111.105,4214.0,2
2009-03-29 02:30:00,2009-03-29 08:30:00,2009-03-29 14:30:00,2009-03-29 20:30:00,2009-03-30 02:30:00,46.09389,14.215015,8275.0,2300.6257,398.0,2
2009-04-16 01:30:00,2009-04-16 07:30:00,2009-04-16 13:30:00,2009-04-16 19:30:00,2009-04-17 01:30:00,46.23178,8.772523,9956.0,1418.1571,757.0,2
2009-04-16 11:30:00,2009-04-16 17:30:00,2009-04-16 23:30:00,2009-04-17 05:30:00,2009-04-17 11:30:00,48.162975,11.619042,10007.0,931.37146,520.0,2
2009-05-01 03:30:00,2009-05-01 09:30:00,2009-05-01 15:30:00,2009-05-01 21:30:00,2009-05-02 03:30:00,48.770527,14.833498,11340.0,835.3335,332.0,5
2009-05-10 09:30:00,2009-05-10 15:30:00,2009-05-10 21:30:00,2009-05-11 03:30:00,2009-05-11 09:30:00,48.547596,8.765386,12218.0,7.618031,9.0,8
2009-05-21 02:30:00,2009-05-21 08:30:00,2009-05-21 14:30:00,2009-05-21 20:30:00,2009-05-22 02:30:00,48.86356,10.359459,13333.0,475.08844,438.0,2
2009-06-05 17:30:00,2009-06-05 23:30:00,2009-06-06 05:30:00,2009-06-06 11:30:00,2009-06-06 17:30:00,46.437775,8.537777,14773.0,512.134,240.0,8
2009-06-10 22:30:00,2009-06-11 04:30:00,2009-06-11 10:30:00,2009-06-11 16:30:00,2009-06-11 22:30:00,48.404816,15.520635,15215.0,249.18088,238.0,2
2009-06-16 04:30:00,2009-06-16 10:30:00,2009-06-16 16:30:00,2009-06-16 22:30:00,2009-06-17 04:30:00,46.85061,14.675328,15752.0,1246.2861,394.0,1
2009-06-19 02:30:00,2009-06-19 08:30:00,2009-06-19 14:30:00,2009-06-19 20:30:00,2009-06-20 02:30:00,47.04987,12.613579,16073.0,736.1976,119.0,2
2009-07-06 21:30:00,2009-07-07 03:30:00,2009-07-07 09:30:00,2009-07-07 15:30:00,2009-07-07 21:30:00,46.455513,13.604978,17936.0,16.691216,9.0,2
2009-07-07 11:30:00,2009-07-07 17:30:00,2009-07-07 23:30:00,2009-07-08 05:30:00,2009-07-08 11:30:00,46.032154,13.796403,17992.0,1101.8154,270.0,2
2009-07-15 00:30:00,2009-07-15 06:30:00,2009-07-15 12:30:00,2009-07-15 18:30:00,2009-07-16 00:30:00,47.541065,13.170052,18675.0,183.90045,72.0,7
2009-07-17 10:30:00,2009-07-17 16:30:00,2009-07-17 22:30:00,2009-07-18 04:30:00,2009-07-18 10:30:00,46.515137,11.758424,18902.0,109.31864,45.0,7
2009-07-24 05:30:00,2009-07-24 11:30:00,2009-07-24 17:30:00,2009-07-24 23:30:00,2009-07-25 05:30:00,48.847965,11.130124,19577.0,11.717498,36.0,2
2009-07-30 02:30:00,2009-07-30 08:30:00,2009-07-30 14:30:00,2009-07-30 20:30:00,2009-07-31 02:30:00,47.377018,13.120212,20127.0,137.87764,51.0,10
2009-08-09 22:30:00,2009-08-10 04:30:00,2009-08-10 10:30:00,2009-08-10 16:30:00,2009-08-10 22:30:00,46.987476,13.536537,21059.0,10.784605,13.0,8
2009-08-13 03:30:00,2009-08-13 09:30:00,2009-08-13 15:30:00,2009-08-13 21:30:00,2009-08-14 03:30:00,46.11789,11.668808,21356.0,108.1422,39.0,3
2009-09-03 18:30:00,2009-09-04 00:30:00,2009-09-04 06:30:00,2009-09-04 12:30:00,2009-09-04 18:30:00,48.19565,13.667249,23533.0,1242.4739,989.0,2
2009-11-23 09:30:00,2009-11-23 15:30:00,2009-11-23 21:30:00,2009-11-24 03:30:00,2009-11-24 09:30:00,48.994022,13.684426,30809.0,60.02654,86.0,1
2009-12-07 16:30:00,2009-12-07 22:30:00,2009-12-08 04:30:00,2009-12-08 10:30:00,2009-12-08 16:30:00,46.680176,13.607764,32035.0,169.75569,642.0,1
2009-12-22 12:30:00,2009-12-22 18:30:00,2009-12-23 00:30:00,2009-12-23 06:30:00,2009-12-23 12:30:00,47.528717,8.208845,33399.0,1025.6606,1793.0,2
2010-01-01 10:30:00,2010-01-01 16:30:00,2010-01-01 22:30:00,2010-01-02 04:30:00,2010-01-02 10:30:00,47.22035,11.10297,138.0,15.181785,56.0,7
2010-03-29 23:30:00,2010-03-30 05:30:00,2010-03-30 11:30:00,2010-03-30 17:30:00,2010-03-30 23:30:00,47.26261,10.953899,7596.0,30.27233,702.0,8
2010-03-30 23:30:00,2010-03-31 05:30:00,2010-03-31 11:30:00,2010-03-31 17:30:00,2010-03-31 23:30:00,46.042732,10.130886,7726.0,37.093464,37.0,2
2010-04-03 23:30:00,2010-04-04 05:30:00,2010-04-04 11:30:00,2010-04-04 17:30:00,2010-04-04 23:30:00,46.527775,9.058128,8106.0,10.101227,36.0,2
2010-04-30 06:30:00,2010-04-30 12:30:00,2010-04-30 18:30:00,2010-05-01 00:30:00,2010-05-01 06:30:00,48.30393,11.476761,10610.0,361.2394,72.0,10
2010-06-12 02:30:00,2010-06-12 08:30:00,2010-06-12 14:30:00,2010-06-12 20:30:00,2010-06-13 02:30:00,47.75305,13.308861,14580.0,706.56464,220.0,2
2010-06-12 23:30:00,2010-06-13 05:30:00,2010-06-13 11:30:00,2010-06-13 17:30:00,2010-06-13 23:30:00,47.292564,12.561059,14662.0,156.66777,37.0,2
2010-06-17 02:30:00,2010-06-17 08:30:00,2010-06-17 14:30:00,2010-06-17 20:30:00,2010-06-18 02:30:00,46.31323,14.911141,15070.0,426.34195,105.0,8
2010-07-11 02:30:00,2010-07-11 08:30:00,2010-07-11 14:30:00,2010-07-11 20:30:00,2010-07-12 02:30:00,47.13112,10.333264,17412.0,19.04361,9.0,6
2010-07-15 02:30:00,2010-07-15 08:30:00,2010-07-15 14:30:00,2010-07-15 20:30:00,2010-07-16 02:30:00,47.638107,15.428062,17867.0,83.11628,37.0,2
2010-07-16 11:30:00,2010-07-16 17:30:00,2010-07-16 23:30:00,2010-07-17 05:30:00,2010-07-17 11:30:00,48.75728,10.455646,18019.0,930.4354,366.0,8
2010-08-01 07:30:00,2010-08-01 13:30:00,2010-08-01 19:30:00,2010-08-02 01:30:00,2010-08-02 07:30:00,47.426987,9.079896,19632.0,704.8759,210.0,10
2010-08-05 05:30:00,2010-08-05 11:30:00,2010-08-05 17:30:00,2010-08-05 23:30:00,2010-08-06 05:30:00,46.178825,15.220212,20057.0,864.8761,153.0,8
2010-08-13 02:30:00,2010-08-13 08:30:00,2010-08-13 14:30:00,2010-08-13 20:30:00,2010-08-14 02:30:00,46.399456,15.378464,20839.0,1440.8857,390.0,7
2010-09-18 02:30:00,2010-09-18 08:30:00,2010-09-18 14:30:00,2010-09-18 20:30:00,2010-09-19 02:30:00,46.46795,14.3868065,24369.0,961.81287,260.0,1
2010-09-24 15:30:00,2010-09-24 21:30:00,2010-09-25 03:30:00,2010-09-25 09:30:00,2010-09-25 15:30:00,46.05757,14.45774,24975.0,1784.521,518.0,9
2010-09-25 05:30:00,2010-09-25 11:30:00,2010-09-25 17:30:00,2010-09-25 23:30:00,2010-09-26 05:30:00,48.38414,14.930433,25027.0,1015.1506,620.0,9
2010-11-06 17:30:00,2010-11-06 23:30:00,2010-11-07 05:30:00,2010-11-07 11:30:00,2010-11-07 17:30:00,47.301613,14.666128,28886.0,0.0,31.0,2
2010-11-30 22:30:00,2010-12-01 04:30:00,2010-12-01 10:30:00,2010-12-01 16:30:00,2010-12-01 22:30:00,48.520336,15.119012,31189.0,3300.347,2984.0,8
2010-12-08 16:30:00,2010-12-08 22:30:00,2010-12-09 04:30:00,2010-12-09 10:30:00,2010-12-09 16:30:00,46.58794,15.793748,31887.0,211.50307,164.0,3
2011-05-31 00:30:00,2011-05-31 06:30:00,2011-05-31 12:30:00,2011-05-31 18:30:00,2011-06-01 00:30:00,47.730583,11.111875,14276.0,25.159193,17.0,8
2011-06-06 01:30:00,2011-06-06 07:30:00,2011-06-06 13:30:00,2011-06-06 19:30:00,2011-06-07 01:30:00,48.021828,10.78969,14837.0,222.9454,61.0,8
2011-06-22 23:30:00,2011-06-23 05:30:00,2011-06-23 11:30:00,2011-06-23 17:30:00,2011-06-23 23:30:00,47.006466,12.39592,16368.0,865.76953,217.0,2
2011-06-29 00:30:00,2011-06-29 06:30:00,2011-06-29 12:30:00,2011-06-29 18:30:00,2011-06-30 00:30:00,47.11008,9.186875,16948.0,683.8266,198.0,6
2011-06-29 10:30:00,2011-06-29 16:30:00,2011-06-29 22:30:00,2011-06-30 04:30:00,2011-06-30 10:30:00,47.97615,11.7301,16989.0,102.43283,51.0,6
2011-07-10 01:30:00,2011-07-10 07:30:00,2011-07-10 13:30:00,2011-07-10 19:30:00,2011-07-11 01:30:00,47.34981,9.257959,18062.0,490.9771,133.0,8
2011-07-13 01:30:00,2011-07-13 07:30:00,2011-07-13 13:30:00,2011-07-13 19:30:00,2011-07-14 01:30:00,47.886703,13.175563,18325.0,2.0826674,81.0,7
2011-07-14 03:30:00,2011-07-14 09:30:00,2011-07-14 15:30:00,2011-07-14 21:30:00,2011-07-15 03:30:00,47.66504,16.212305,18426.0,25.671076,132.0,8
2011-08-02 19:30:00,2011-08-03 01:30:00,2011-08-03 07:30:00,2011-08-03 13:30:00,2011-08-03 19:30:00,47.26282,8.60033,20203.0,106.58157,34.0,10
2011-08-18 23:30:00,2011-08-19 05:30:00,2011-08-19 11:30:00,2011-08-19 17:30:00,2011-08-19 23:30:00,47.09284,14.272719,21722.0,1108.2803,125.0,1
2011-08-23 10:30:00,2011-08-23 16:30:00,2011-08-23 22:30:00,2011-08-24 04:30:00,2011-08-24 10:30:00,48.847263,10.354108,22117.0,657.8308,173.0,7
2011-09-01 02:30:00,2011-09-01 08:30:00,2011-09-01 14:30:00,2011-09-01 20:30:00,2011-09-02 02:30:00,47.3045,15.510802,22890.0,376.62683,205.0,4
2011-09-04 21:30:00,2011-09-05 03:30:00,2011-09-05 09:30:00,2011-09-05 15:30:00,2011-09-05 21:30:00,48.10249,13.413827,23252.0,804.27637,261.0,8
2011-12-11 21:30:00,2011-12-12 03:30:00,2011-12-12 09:30:00,2011-12-12 15:30:00,2011-12-12 21:30:00,46.345978,9.075488,32187.0,692.3634,684.0,8
2011-12-16 18:30:00,2011-12-17 00:30:00,2011-12-17 06:30:00,2011-12-17 12:30:00,2011-12-17 18:30:00,46.89393,11.922465,32700.0,2472.4219,2561.0,9
2011-12-17 12:30:00,2011-12-17 18:30:00,2011-12-18 00:30:00,2011-12-18 06:30:00,2011-12-18 12:30:00,46.473316,8.804402,32775.0,25.03708,57.0,9
2012-01-02 04:30:00,2012-01-02 10:30:00,2012-01-02 16:30:00,2012-01-02 22:30:00,2012-01-03 04:30:00,46.27818,8.665043,142.0,6773.7363,1581.0,8
2012-01-05 02:30:00,2012-01-05 08:30:00,2012-01-05 14:30:00,2012-01-05 20:30:00,2012-01-06 02:30:00,48.27187,9.573286,363.0,8399.387,2755.0,1
2012-01-05 11:30:00,2012-01-05 17:30:00,2012-01-05 23:30:00,2012-01-06 05:30:00,2012-01-06 11:30:00,47.40375,10.547546,399.0,328.96817,85.0,1
2012-01-23 13:30:00,2012-01-23 19:30:00,2012-01-24 01:30:00,2012-01-24 07:30:00,2012-01-24 13:30:00,46.467636,14.340539,2020.0,8.617336,265.0,9
2012-01-28 02:30:00,2012-01-28 08:30:00,2012-01-28 14:30:00,2012-01-28 20:30:00,2012-01-29 02:30:00,47.325657,12.059732,2390.0,52.82909,22.0,8
2012-04-05 01:30:00,2012-04-05 07:30:00,2012-04-05 13:30:00,2012-04-05 19:30:00,2012-04-06 01:30:00,47.404446,16.101532,8460.0,196.81583,42.0,8
2012-04-18 00:30:00,2012-04-18 06:30:00,2012-04-18 12:30:00,2012-04-18 18:30:00,2012-04-19 00:30:00,46.38594,8.92783,9802.0,55.026623,37.0,8
2012-05-05 20:30:00,2012-05-06 02:30:00,2012-05-06 08:30:00,2012-05-06 14:30:00,2012-05-06 20:30:00,47.042343,9.993351,11556.0,110.66362,64.0,2
2012-05-21 05:30:00,2012-05-21 11:30:00,2012-05-21 17:30:00,2012-05-21 23:30:00,2012-05-22 05:30:00,47.9874,9.176921,13125.0,179.70932,76.0,7
2012-06-21 00:30:00,2012-06-21 06:30:00,2012-06-21 12:30:00,2012-06-21 18:30:00,2012-06-22 00:30:00,47.573257,15.178641,15944.0,49.060326,59.0,7
2012-06-24 20:30:00,2012-06-25 02:30:00,2012-06-25 08:30:00,2012-06-25 14:30:00,2012-06-25 20:30:00,47.316666,15.55087,16305.0,870.7075,412.0,3
2012-07-02 01:30:00,2012-07-02 07:30:00,2012-07-02 13:30:00,2012-07-02 19:30:00,2012-07-03 01:30:00,47.536457,11.516489,17000.0,3.106928,26.0,7
2012-07-03 00:30:00,2012-07-03 06:30:00,2012-07-03 12:30:00,2012-07-03 18:30:00,2012-07-04 00:30:00,47.07389,15.229166,17101.0,22.655327,23.0,7
2012-07-05 04:30:00,2012-07-05 10:30:00,2012-07-05 16:30:00,2012-07-05 22:30:00,2012-07-06 04:30:00,47.803825,8.746075,17362.0,179.46126,160.0,7
2012-07-12 16:30:00,2012-07-12 22:30:00,2012-07-13 04:30:00,2012-07-13 10:30:00,2012-07-13 16:30:00,47.05688,11.105107,18199.0,559.3765,501.0,1
2012-07-19 01:30:00,2012-07-19 07:30:00,2012-07-19 13:30:00,2012-07-19 19:30:00,2012-07-20 01:30:00,47.69823,15.282768,18878.0,13.068466,10.0,1
2012-07-20 03:30:00,2012-07-20 09:30:00,2012-07-20 15:30:00,2012-07-20 21:30:00,2012-07-21 03:30:00,46.813263,9.562875,18968.0,364.07367,222.0,1
2012-07-28 00:30:00,2012-07-28 06:30:00,2012-07-28 12:30:00,2012-07-28 18:30:00,2012-07-29 00:30:00,47.348362,12.322949,19759.0,1344.3296,281.0,8
2012-07-28 22:30:00,2012-07-29 04:30:00,2012-07-29 10:30:00,2012-07-29 16:30:00,2012-07-29 22:30:00,47.34859,14.328176,19828.0,471.41467,102.0,2
2012-08-15 23:30:00,2012-08-16 05:30:00,2012-08-16 11:30:00,2012-08-16 17:30:00,2012-08-16 23:30:00,46.574722,12.098642,21439.0,1242.798,249.0,3
2012-09-18 22:30:00,2012-09-19 04:30:00,2012-09-19 10:30:00,2012-09-19 16:30:00,2012-09-19 22:30:00,46.415386,11.761811,24682.0,469.40735,158.0,1
2012-09-25 05:30:00,2012-09-25 11:30:00,2012-09-25 17:30:00,2012-09-25 23:30:00,2012-09-26 05:30:00,47.227177,12.933066,25284.0,0.7246548,43.0,8
2012-11-10 23:30:00,2012-11-11 05:30:00,2012-11-11 11:30:00,2012-11-11 17:30:00,2012-11-11 23:30:00,48.430443,16.10908,29702.0,61.985294,286.0,8
2012-12-06 20:30:00,2012-12-07 02:30:00,2012-12-07 08:30:00,2012-12-07 14:30:00,2012-12-07 20:30:00,47.368515,9.220371,32077.0,0.0,27.0,3
2013-01-01 10:30:00,2013-01-01 16:30:00,2013-01-01 22:30:00,2013-01-02 04:30:00,2013-01-02 10:30:00,48.75158,14.702034,110.0,402.99384,442.0,8
2013-01-07 22:30:00,2013-01-08 04:30:00,2013-01-08 10:30:00,2013-01-08 16:30:00,2013-01-08 22:30:00,48.263027,15.012682,591.0,344.75253,450.0,5
2013-01-19 23:30:00,2013-01-20 05:30:00,2013-01-20 11:30:00,2013-01-20 17:30:00,2013-01-20 23:30:00,47.87435,9.599781,1660.0,59.4168,23.0,8
2013-01-20 18:30:00,2013-01-21 00:30:00,2013-01-21 06:30:00,2013-01-21 12:30:00,2013-01-21 18:30:00,46.36812,14.58601,1729.0,1777.8013,1648.0,8
2013-02-05 12:30:00,2013-02-05 18:30:00,2013-02-06 00:30:00,2013-02-06 06:30:00,2013-02-06 12:30:00,47.173996,13.361178,2991.0,2721.1057,2064.0,2
2013-03-13 23:30:00,2013-03-14 05:30:00,2013-03-14 11:30:00,2013-03-14 17:30:00,2013-03-14 23:30:00,46.581665,13.960809,6242.0,401.12366,775.0,9
2013-05-01 20:30:00,2013-05-02 02:30:00,2013-05-02 08:30:00,2013-05-02 14:30:00,2013-05-02 20:30:00,48.58942,16.94284,10956.0,605.9556,249.0,8
2013-05-01 22:30:00,2013-05-02 04:30:00,2013-05-02 10:30:00,2013-05-02 16:30:00,2013-05-02 22:30:00,48.226505,13.846541,10966.0,0.32723856,76.0,8
2013-05-09 10:30:00,2013-05-09 16:30:00,2013-05-09 22:30:00,2013-05-10 04:30:00,2013-05-10 10:30:00,48.739754,9.7783575,11685.0,256.7638,75.0,10
2013-05-18 22:30:00,2013-05-19 04:30:00,2013-05-19 10:30:00,2013-05-19 16:30:00,2013-05-19 22:30:00,47.88326,12.031587,12620.0,108.01547,133.0,7
2013-06-17 23:30:00,2013-06-18 05:30:00,2013-06-18 11:30:00,2013-06-18 17:30:00,2013-06-18 23:30:00,47.741665,15.875,15655.0,0.0,12.0,10
2013-06-23 02:30:00,2013-06-23 08:30:00,2013-06-23 14:30:00,2013-06-23 20:30:00,2013-06-24 02:30:00,46.313457,9.463763,16084.0,31.309376,10.0,2
2013-06-23 20:30:00,2013-06-24 02:30:00,2013-06-24 08:30:00,2013-06-24 14:30:00,2013-06-24 20:30:00,48.10711,15.7287655,16154.0,530.24384,141.0,9
2013-07-11 00:30:00,2013-07-11 06:30:00,2013-07-11 12:30:00,2013-07-11 18:30:00,2013-07-12 00:30:00,46.083447,15.353089,17831.0,24.610455,29.0,9
2013-08-08 18:30:00,2013-08-09 00:30:00,2013-08-09 06:30:00,2013-08-09 12:30:00,2013-08-09 18:30:00,46.72445,13.047202,20705.0,52.45228,40.0,9
2013-09-10 05:30:00,2013-09-10 11:30:00,2013-09-10 17:30:00,2013-09-10 23:30:00,2013-09-11 05:30:00,46.0157,12.990395,24060.0,439.39163,305.0,2
2014-01-25 13:30:00,2014-01-25 19:30:00,2014-01-26 01:30:00,2014-01-26 07:30:00,2014-01-26 13:30:00,48.834335,11.525933,2088.0,415.4923,497.0,4
2014-01-26 23:30:00,2014-01-27 05:30:00,2014-01-27 11:30:00,2014-01-27 17:30:00,2014-01-27 23:30:00,46.060974,10.018797,2288.0,4.822758,10.0,1
2014-02-08 14:30:00,2014-02-08 20:30:00,2014-02-09 02:30:00,2014-02-09 08:30:00,2014-02-09 14:30:00,46.557663,15.451792,3309.0,229.22462,1303.0,2
2014-02-10 17:30:00,2014-02-10 23:30:00,2014-02-11 05:30:00,2014-02-11 11:30:00,2014-02-11 17:30:00,46.465034,16.355906,3505.0,3.9792976,9.0,8
2014-02-16 10:30:00,2014-02-16 16:30:00,2014-02-16 22:30:00,2014-02-17 04:30:00,2014-02-17 10:30:00,46.732162,13.092016,4031.0,364.1912,355.0,2
2014-04-08 00:30:00,2014-04-08 06:30:00,2014-04-08 12:30:00,2014-04-08 18:30:00,2014-04-09 00:30:00,47.918747,15.18125,8593.0,0.0,16.0,2
2014-05-01 22:30:00,2014-05-02 04:30:00,2014-05-02 10:30:00,2014-05-02 16:30:00,2014-05-02 22:30:00,48.658615,14.847232,10827.0,166.96663,29.0,6
2014-05-26 01:30:00,2014-05-26 07:30:00,2014-05-26 13:30:00,2014-05-26 19:30:00,2014-05-27 01:30:00,48.241695,12.259816,13169.0,913.66406,392.0,8
2014-05-27 09:30:00,2014-05-27 15:30:00,2014-05-27 21:30:00,2014-05-28 03:30:00,2014-05-28 09:30:00,48.87753,13.426766,13305.0,20.904873,10.0,9
2014-06-10 07:30:00,2014-06-10 13:30:00,2014-06-10 19:30:00,2014-06-11 01:30:00,2014-06-11 07:30:00,47.080296,9.054158,14678.0,247.93518,62.0,10
2014-06-10 23:30:00,2014-06-11 05:30:00,2014-06-11 11:30:00,2014-06-11 17:30:00,2014-06-11 23:30:00,46.913868,10.197664,14750.0,8.490141,20.0,7
2014-06-23 02:30:00,2014-06-23 08:30:00,2014-06-23 14:30:00,2014-06-23 20:30:00,2014-06-24 02:30:00,46.93736,12.146947,15855.0,422.00406,122.0,1
2014-07-07 06:30:00,2014-07-07 12:30:00,2014-07-07 18:30:00,2014-07-08 00:30:00,2014-07-08 06:30:00,48.161858,8.524513,17254.0,1651.9806,503.0,8
2014-07-20 02:30:00,2014-07-20 08:30:00,2014-07-20 14:30:00,2014-07-20 20:30:00,2014-07-21 02:30:00,47.67395,12.966716,18470.0,1545.8042,501.0,10
2014-07-30 05:30:00,2014-07-30 11:30:00,2014-07-30 17:30:00,2014-07-30 23:30:00,2014-07-31 05:30:00,47.359985,16.610949,19345.0,5139.363,1244.0,9
2014-08-13 03:30:00,2014-08-13 09:30:00,2014-08-13 15:30:00,2014-08-13 21:30:00,2014-08-14 03:30:00,47.208416,14.349965,20712.0,3077.4688,1086.0,2
2014-08-13 09:30:00,2014-08-13 15:30:00,2014-08-13 21:30:00,2014-08-14 03:30:00,2014-08-14 09:30:00,47.400818,16.272196,20743.0,198.6204,222.0,2
2014-09-09 02:30:00,2014-09-09 08:30:00,2014-09-09 14:30:00,2014-09-09 20:30:00,2014-09-10 02:30:00,47.67636,12.188399,23486.0,47.33047,29.0,10
2014-11-06 11:30:00,2014-11-06 17:30:00,2014-11-06 23:30:00,2014-11-07 05:30:00,2014-11-07 11:30:00,46.23913,14.303052,28756.0,3232.5063,1695.0,8
2014-11-17 19:30:00,2014-11-18 01:30:00,2014-11-18 07:30:00,2014-11-18 13:30:00,2014-11-18 19:30:00,48.532112,12.753075,29734.0,2073.5217,2516.0,9
2015-01-08 16:30:00,2015-01-08 22:30:00,2015-01-09 04:30:00,2015-01-09 10:30:00,2015-01-09 16:30:00,46.882683,14.882686,703.0,73.561935,131.0,3
2015-05-05 20:30:00,2015-05-06 02:30:00,2015-05-06 08:30:00,2015-05-06 14:30:00,2015-05-06 20:30:00,46.527794,9.532846,11103.0,48.33563,35.0,8
2015-05-13 10:30:00,2015-05-13 16:30:00,2015-05-13 22:30:00,2015-05-14 04:30:00,2015-05-14 10:30:00,47.523857,14.746748,11738.0,1281.5676,1210.0,3
2015-06-05 23:30:00,2015-06-06 05:30:00,2015-06-06 11:30:00,2015-06-06 17:30:00,2015-06-06 23:30:00,46.56513,11.311924,13957.0,62.053513,38.0,10
2015-06-06 06:30:00,2015-06-06 12:30:00,2015-06-06 18:30:00,2015-06-07 00:30:00,2015-06-07 06:30:00,46.933826,8.028925,13985.0,915.20514,690.0,10
2015-06-07 01:30:00,2015-06-07 07:30:00,2015-06-07 13:30:00,2015-06-07 19:30:00,2015-06-08 01:30:00,47.029613,11.739067,14069.0,19.440321,27.0,6
2015-06-14 02:30:00,2015-06-14 08:30:00,2015-06-14 14:30:00,2015-06-14 20:30:00,2015-06-15 02:30:00,48.143898,15.519383,14755.0,1143.3109,381.0,8
2015-06-23 03:30:00,2015-06-23 09:30:00,2015-06-23 15:30:00,2015-06-23 21:30:00,2015-06-24 03:30:00,46.30546,12.361783,15611.0,566.52234,127.0,2
2015-07-07 20:30:00,2015-07-08 02:30:00,2015-07-08 08:30:00,2015-07-08 14:30:00,2015-07-08 20:30:00,47.39243,14.289913,16788.0,19.852911,15.0,2
2015-07-08 03:30:00,2015-07-08 09:30:00,2015-07-08 15:30:00,2015-07-08 21:30:00,2015-07-09 03:30:00,47.07112,13.522921,16807.0,3120.9229,814.0,2
2015-07-16 23:30:00,2015-07-17 05:30:00,2015-07-17 11:30:00,2015-07-17 17:30:00,2015-07-17 23:30:00,46.794643,8.753793,17567.0,87.888756,47.0,10
2015-08-09 01:30:00,2015-08-09 07:30:00,2015-08-09 13:30:00,2015-08-09 19:30:00,2015-08-10 01:30:00,47.144604,9.121125,19731.0,26.343576,9.0,6
2015-09-04 07:30:00,2015-09-04 13:30:00,2015-09-04 19:30:00,2015-09-05 01:30:00,2015-09-05 07:30:00,46.32461,13.806375,22217.0,139.75346,58.0,2
2015-09-14 23:30:00,2015-09-15 05:30:00,2015-09-15 11:30:00,2015-09-15 17:30:00,2015-09-15 23:30:00,46.617718,8.2501135,23255.0,56.626183,85.0,2
2016-01-11 09:30:00,2016-01-11 15:30:00,2016-01-11 21:30:00,2016-01-12 03:30:00,2016-01-12 09:30:00,46.04316,15.50126,908.0,3116.0957,2554.0,2
2016-01-31 08:30:00,2016-01-31 14:30:00,2016-01-31 20:30:00,2016-02-01 02:30:00,2016-02-01 08:30:00,47.858494,13.854541,2567.0,889.69336,391.0,3
2016-02-06 09:30:00,2016-02-06 15:30:00,2016-02-06 21:30:00,2016-02-07 03:30:00,2016-02-07 09:30:00,47.186665,13.122649,3097.0,34.63372,29.0,6
2016-03-03 09:30:00,2016-03-03 15:30:00,2016-03-03 21:30:00,2016-03-04 03:30:00,2016-03-04 09:30:00,47.714718,15.042387,5154.0,1538.4778,2077.0,9
2016-03-05 09:30:00,2016-03-05 15:30:00,2016-03-05 21:30:00,2016-03-06 03:30:00,2016-03-06 09:30:00,46.215294,13.778388,5363.0,2174.2158,2074.0,2
2016-03-14 17:30:00,2016-03-14 23:30:00,2016-03-15 05:30:00,2016-03-15 11:30:00,2016-03-15 17:30:00,48.25807,15.22966,6141.0,1316.4674,2897.0,5
2016-04-13 04:30:00,2016-04-13 10:30:00,2016-04-13 16:30:00,2016-04-13 22:30:00,2016-04-14 04:30:00,48.8437,12.9909725,8869.0,2791.61,803.0,2
2016-05-14 00:30:00,2016-05-14 06:30:00,2016-05-14 12:30:00,2016-05-14 18:30:00,2016-05-15 00:30:00,46.258266,11.547226,11804.0,176.66673,48.0,1
2016-05-18 09:30:00,2016-05-18 15:30:00,2016-05-18 21:30:00,2016-05-19 03:30:00,2016-05-19 09:30:00,46.623642,8.0491,12210.0,26.91432,26.0,3
2016-05-27 05:30:00,2016-05-27 11:30:00,2016-05-27 17:30:00,2016-05-27 23:30:00,2016-05-28 05:30:00,47.374725,13.10818,13073.0,167.81012,101.0,10
2016-06-04 21:30:00,2016-06-05 03:30:00,2016-06-05 09:30:00,2016-06-05 15:30:00,2016-06-05 21:30:00,47.552467,15.34017,13961.0,191.56123,62.0,5
2016-06-11 02:30:00,2016-06-11 08:30:00,2016-06-11 14:30:00,2016-06-11 20:30:00,2016-06-12 02:30:00,46.03894,13.456786,14581.0,466.76328,256.0,3
2016-06-24 04:30:00,2016-06-24 10:30:00,2016-06-24 16:30:00,2016-06-24 22:30:00,2016-06-25 04:30:00,47.271233,10.511717,15925.0,222.19057,58.0,6
2016-06-26 02:30:00,2016-06-26 08:30:00,2016-06-26 14:30:00,2016-06-26 20:30:00,2016-06-27 02:30:00,46.36067,8.913243,16110.0,40.341125,34.0,7
2016-07-02 00:30:00,2016-07-02 06:30:00,2016-07-02 12:30:00,2016-07-02 18:30:00,2016-07-03 00:30:00,48.01848,15.525133,16699.0,76.98068,36.0,2
2016-07-12 00:30:00,2016-07-12 06:30:00,2016-07-12 12:30:00,2016-07-12 18:30:00,2016-07-13 00:30:00,47.604683,14.868106,17653.0,703.79895,228.0,8
2016-07-12 20:30:00,2016-07-13 02:30:00,2016-07-13 08:30:00,2016-07-13 14:30:00,2016-07-13 20:30:00,46.0821,10.4248085,17740.0,178.19804,101.0,8
2016-07-22 00:30:00,2016-07-22 06:30:00,2016-07-22 12:30:00,2016-07-22 18:30:00,2016-07-23 00:30:00,46.964977,12.403669,18635.0,10.368865,12.0,8
2016-07-23 00:30:00,2016-07-23 06:30:00,2016-07-23 12:30:00,2016-07-23 18:30:00,2016-07-24 00:30:00,48.026745,11.188134,18739.0,6.653414,54.0,7
2016-07-27 03:30:00,2016-07-27 09:30:00,2016-07-27 15:30:00,2016-07-27 21:30:00,2016-07-28 03:30:00,46.67914,12.023538,19172.0,689.6424,383.0,7
2016-08-20 08:30:00,2016-08-20 14:30:00,2016-08-20 20:30:00,2016-08-21 02:30:00,2016-08-21 08:30:00,48.78342,12.719553,21496.0,328.7248,593.0,2
2016-08-21 00:30:00,2016-08-21 06:30:00,2016-08-21 12:30:00,2016-08-21 18:30:00,2016-08-22 00:30:00,46.385963,13.443722,21559.0,78.295906,73.0,2
2016-08-28 22:30:00,2016-08-29 04:30:00,2016-08-29 10:30:00,2016-08-29 16:30:00,2016-08-29 22:30:00,47.613865,16.467817,22338.0,3.5744715,16.0,1
2016-10-01 22:30:00,2016-10-02 04:30:00,2016-10-02 10:30:00,2016-10-02 16:30:00,2016-10-02 22:30:00,46.51981,15.156373,25716.0,2019.1191,738.0,2
2016-11-15 10:30:00,2016-11-15 16:30:00,2016-11-15 22:30:00,2016-11-16 04:30:00,2016-11-16 10:30:00,46.87704,13.240539,29783.0,49.762913,17.0,5
2017-01-12 06:30:00,2017-01-12 12:30:00,2017-01-12 18:30:00,2017-01-13 00:30:00,2017-01-13 06:30:00,46.68602,16.292213,1105.0,134.53001,204.0,1
2017-03-04 19:30:00,2017-03-05 01:30:00,2017-03-05 07:30:00,2017-03-05 13:30:00,2017-03-05 19:30:00,48.68043,15.928261,5919.0,0.0,46.0,8
2017-04-15 01:30:00,2017-04-15 07:30:00,2017-04-15 13:30:00,2017-04-15 19:30:00,2017-04-16 01:30:00,46.204872,11.277777,9983.0,185.93996,371.0,1
2017-04-27 02:30:00,2017-04-27 08:30:00,2017-04-27 14:30:00,2017-04-27 20:30:00,2017-04-28 02:30:00,46.363464,12.1719475,11165.0,1325.4154,1087.0,8
2017-05-14 00:30:00,2017-05-14 06:30:00,2017-05-14 12:30:00,2017-05-14 18:30:00,2017-05-15 00:30:00,46.079296,9.185871,12815.0,6.007858,14.0,2
2017-05-24 00:30:00,2017-05-24 06:30:00,2017-05-24 12:30:00,2017-05-24 18:30:00,2017-05-25 00:30:00,48.546772,10.308064,13841.0,0.0,31.0,4
2017-05-30 02:30:00,2017-05-30 08:30:00,2017-05-30 14:30:00,2017-05-30 20:30:00,2017-05-31 02:30:00,47.24999,11.459058,14377.0,528.9909,221.0,7
2017-05-31 00:30:00,2017-05-31 06:30:00,2017-05-31 12:30:00,2017-05-31 18:30:00,2017-06-01 00:30:00,47.42506,16.467432,14475.0,47.47973,47.0,10
2017-05-31 22:30:00,2017-06-01 04:30:00,2017-06-01 10:30:00,2017-06-01 16:30:00,2017-06-01 22:30:00,47.224213,14.963242,14570.0,12.94777,16.0,1
2017-06-03 23:30:00,2017-06-04 05:30:00,2017-06-04 11:30:00,2017-06-04 17:30:00,2017-06-04 23:30:00,47.92125,16.648664,14875.0,19.634848,25.0,8
2017-07-09 02:30:00,2017-07-09 08:30:00,2017-07-09 14:30:00,2017-07-09 20:30:00,2017-07-10 02:30:00,47.244625,11.376698,16529.0,828.7499,217.0,10
2017-07-19 23:30:00,2017-07-20 05:30:00,2017-07-20 11:30:00,2017-07-20 17:30:00,2017-07-20 23:30:00,47.84575,10.973756,17725.0,6.565118,11.0,7
2017-08-04 03:30:00,2017-08-04 09:30:00,2017-08-04 15:30:00,2017-08-04 21:30:00,2017-08-05 03:30:00,47.389366,14.540833,19150.0,86.38762,61.0,1
2017-08-05 03:30:00,2017-08-05 09:30:00,2017-08-05 15:30:00,2017-08-05 21:30:00,2017-08-06 03:30:00,47.349873,11.96995,19235.0,309.80563,70.0,1
2017-08-09 02:30:00,2017-08-09 08:30:00,2017-08-09 14:30:00,2017-08-09 20:30:00,2017-08-10 02:30:00,46.51134,10.373681,19639.0,25.675207,63.0,8
2017-08-10 20:30:00,2017-08-11 02:30:00,2017-08-11 08:30:00,2017-08-11 14:30:00,2017-08-11 20:30:00,48.365578,13.882681,19810.0,664.4015,164.0,9
2017-08-18 15:30:00,2017-08-18 21:30:00,2017-08-19 03:30:00,2017-08-19 09:30:00,2017-08-19 15:30:00,47.39378,11.592327,20616.0,655.3458,844.0,2
2017-08-19 00:30:00,2017-08-19 06:30:00,2017-08-19 12:30:00,2017-08-19 18:30:00,2017-08-20 00:30:00,47.17979,11.905734,20689.0,117.710335,37.0,2
2017-08-27 02:30:00,2017-08-27 08:30:00,2017-08-27 14:30:00,2017-08-27 20:30:00,2017-08-28 02:30:00,47.51992,12.205476,21481.0,19.381926,36.0,10
2017-09-16 04:30:00,2017-09-16 10:30:00,2017-09-16 16:30:00,2017-09-16 22:30:00,2017-09-17 04:30:00,46.210342,16.534004,23389.0,349.76346,214.0,8
2017-09-23 15:30:00,2017-09-23 21:30:00,2017-09-24 03:30:00,2017-09-24 09:30:00,2017-09-24 15:30:00,46.053745,11.870016,24055.0,346.2406,90.0,5
2017-12-26 14:30:00,2017-12-26 20:30:00,2017-12-27 02:30:00,2017-12-27 08:30:00,2017-12-27 14:30:00,48.350002,9.792063,32569.0,0.6353618,10.0,8
2018-01-16 10:30:00,2018-01-16 16:30:00,2018-01-16 22:30:00,2018-01-17 04:30:00,2018-01-17 10:30:00,47.68265,11.236227,1497.0,195.70598,122.0,1
2018-01-16 19:30:00,2018-01-17 01:30:00,2018-01-17 07:30:00,2018-01-17 13:30:00,2018-01-17 19:30:00,48.211517,12.888133,1521.0,2233.4465,1109.0,3
2018-01-20 11:30:00,2018-01-20 17:30:00,2018-01-20 23:30:00,2018-01-21 05:30:00,2018-01-21 11:30:00,47.366917,13.082128,1888.0,1151.9078,1125.0,1
2018-03-16 13:30:00,2018-03-16 19:30:00,2018-03-17 01:30:00,2018-03-17 07:30:00,2018-03-17 13:30:00,46.166317,15.728758,6851.0,19.303661,130.0,2
2018-04-23 04:30:00,2018-04-23 10:30:00,2018-04-23 16:30:00,2018-04-23 22:30:00,2018-04-24 04:30:00,47.85916,12.122109,10275.0,43.07949,20.0,3
2018-05-26 22:30:00,2018-05-27 04:30:00,2018-05-27 10:30:00,2018-05-27 16:30:00,2018-05-27 22:30:00,48.03269,8.446157,13696.0,32.51091,19.0,10
2018-05-30 22:30:00,2018-05-31 04:30:00,2018-05-31 10:30:00,2018-05-31 16:30:00,2018-05-31 22:30:00,47.229717,13.9831085,14086.0,13.205821,12.0,7
2018-05-31 20:30:00,2018-06-01 02:30:00,2018-06-01 08:30:00,2018-06-01 14:30:00,2018-06-01 20:30:00,47.755363,15.981642,14168.0,33.971405,27.0,9
2018-06-04 00:30:00,2018-06-04 06:30:00,2018-06-04 12:30:00,2018-06-04 18:30:00,2018-06-05 00:30:00,47.502666,11.742693,14512.0,4.6279078,12.0,4
2018-06-05 22:30:00,2018-06-06 04:30:00,2018-06-06 10:30:00,2018-06-06 16:30:00,2018-06-06 22:30:00,47.620537,16.274178,14688.0,38.16362,30.0,10
2018-06-07 03:30:00,2018-06-07 09:30:00,2018-06-07 15:30:00,2018-06-07 21:30:00,2018-06-08 03:30:00,48.724213,8.416029,14813.0,18.516327,23.0,8
2018-06-08 00:30:00,2018-06-08 06:30:00,2018-06-08 12:30:00,2018-06-08 18:30:00,2018-06-09 00:30:00,47.734,13.072365,14890.0,43.18352,29.0,8
2018-06-11 03:30:00,2018-06-11 09:30:00,2018-06-11 15:30:00,2018-06-11 21:30:00,2018-06-12 03:30:00,46.94043,12.208056,15144.0,958.04834,466.0,2
2018-06-21 08:30:00,2018-06-21 14:30:00,2018-06-21 20:30:00,2018-06-22 02:30:00,2018-06-22 08:30:00,46.42088,8.369993,16111.0,14.502761,65.0,2
2018-07-20 10:30:00,2018-07-20 16:30:00,2018-07-20 22:30:00,2018-07-21 04:30:00,2018-07-21 10:30:00,46.146927,9.243976,19095.0,1682.656,1142.0,2
2018-08-06 22:30:00,2018-08-07 04:30:00,2018-08-07 10:30:00,2018-08-07 16:30:00,2018-08-07 22:30:00,47.600124,14.639925,20815.0,22.206514,23.0,10
2018-08-22 23:30:00,2018-08-23 05:30:00,2018-08-23 11:30:00,2018-08-23 17:30:00,2018-08-23 23:30:00,47.097324,10.4971075,22285.0,51.729683,46.0,7
2018-08-25 02:30:00,2018-08-25 08:30:00,2018-08-25 14:30:00,2018-08-25 20:30:00,2018-08-26 02:30:00,47.089447,11.332989,22517.0,415.56702,358.0,2
2019-01-08 11:30:00,2019-01-08 17:30:00,2019-01-08 23:30:00,2019-01-09 05:30:00,2019-01-09 11:30:00,46.164227,16.32224,652.0,35.65139,119.0,1
2019-01-12 02:30:00,2019-01-12 08:30:00,2019-01-12 14:30:00,2019-01-12 20:30:00,2019-01-13 02:30:00,48.088543,8.575484,936.0,13.944558,17.0,10
2019-03-10 20:30:00,2019-03-11 02:30:00,2019-03-11 08:30:00,2019-03-11 14:30:00,2019-03-11 20:30:00,47.914017,10.684053,5892.0,1327.9098,982.0,3
2019-05-10 22:30:00,2019-05-11 04:30:00,2019-05-11 10:30:00,2019-05-11 16:30:00,2019-05-11 22:30:00,47.58727,9.906484,11526.0,57.870277,25.0,1
2019-05-19 21:30:00,2019-05-20 03:30:00,2019-05-20 09:30:00,2019-05-20 15:30:00,2019-05-20 21:30:00,48.267143,12.643,12373.0,563.1631,378.0,7
2019-06-10 23:30:00,2019-06-11 05:30:00,2019-06-11 11:30:00,2019-06-11 17:30:00,2019-06-11 23:30:00,46.098637,14.461766,14548.0,11.987506,21.0,7
2019-06-20 01:30:00,2019-06-20 07:30:00,2019-06-20 13:30:00,2019-06-20 19:30:00,2019-06-21 01:30:00,47.690334,11.754262,15419.0,938.4734,282.0,2
2019-06-30 21:30:00,2019-07-01 03:30:00,2019-07-01 09:30:00,2019-07-01 15:30:00,2019-07-01 21:30:00,47.493965,11.2768135,16477.0,32.504723,12.0,8
2019-07-06 04:30:00,2019-07-06 10:30:00,2019-07-06 16:30:00,2019-07-06 22:30:00,2019-07-07 04:30:00,46.38121,10.278752,16984.0,232.06613,237.0,1
2019-07-08 04:30:00,2019-07-08 10:30:00,2019-07-08 16:30:00,2019-07-08 22:30:00,2019-07-09 04:30:00,46.088387,12.773263,17142.0,50.396786,72.0,1
2019-07-17 03:30:00,2019-07-17 09:30:00,2019-07-17 15:30:00,2019-07-17 21:30:00,2019-07-18 03:30:00,46.71967,13.006215,17996.0,23.674097,44.0,4
2019-07-20 16:30:00,2019-07-20 22:30:00,2019-07-21 04:30:00,2019-07-21 10:30:00,2019-07-21 16:30:00,48.08679,11.144107,18329.0,404.33215,224.0,2
2019-07-24 22:30:00,2019-07-25 04:30:00,2019-07-25 10:30:00,2019-07-25 16:30:00,2019-07-25 22:30:00,46.458157,10.922429,18768.0,0.29541945,9.0,6
2019-07-25 23:30:00,2019-07-26 05:30:00,2019-07-26 11:30:00,2019-07-26 17:30:00,2019-07-26 23:30:00,46.588284,10.47371,18866.0,33.67374,20.0,6
2019-07-26 23:30:00,2019-07-27 05:30:00,2019-07-27 11:30:00,2019-07-27 17:30:00,2019-07-27 23:30:00,47.727295,15.709337,18957.0,279.85425,59.0,7
2019-08-01 21:30:00,2019-08-02 03:30:00,2019-08-02 09:30:00,2019-08-02 15:30:00,2019-08-02 21:30:00,46.20472,8.330103,19487.0,73.374,71.0,9
2019-08-12 09:30:00,2019-08-12 15:30:00,2019-08-12 21:30:00,2019-08-13 03:30:00,2019-08-13 09:30:00,47.915634,16.129335,20397.0,75.91235,101.0,8
2019-08-13 04:30:00,2019-08-13 10:30:00,2019-08-13 16:30:00,2019-08-13 22:30:00,2019-08-14 04:30:00,46.737198,13.267299,20470.0,5.434213,28.0,8
2019-08-23 19:30:00,2019-08-24 01:30:00,2019-08-24 07:30:00,2019-08-24 13:30:00,2019-08-24 19:30:00,46.61804,14.371834,21450.0,31.585957,29.0,6
2019-09-08 00:30:00,2019-09-08 06:30:00,2019-09-08 12:30:00,2019-09-08 18:30:00,2019-09-09 00:30:00,46.35724,13.381462,22795.0,1735.7292,352.0,9
2019-11-04 11:30:00,2019-11-04 17:30:00,2019-11-04 23:30:00,2019-11-05 05:30:00,2019-11-05 11:30:00,46.940987,9.072234,28068.0,444.35577,389.0,1
2019-12-16 01:30:00,2019-12-16 07:30:00,2019-12-16 13:30:00,2019-12-16 19:30:00,2019-12-17 01:30:00,46.733383,11.464186,31604.0,551.63434,876.0,2
2020-01-25 10:30:00,2020-01-25 16:30:00,2020-01-25 22:30:00,2020-01-26 04:30:00,2020-01-26 10:30:00,48.840027,12.2676115,1965.0,0.6741697,13.0,7
2020-01-27 09:30:00,2020-01-27 15:30:00,2020-01-27 21:30:00,2020-01-28 03:30:00,2020-01-28 09:30:00,46.89234,10.135895,2110.0,1833.0073,4567.0,2
2020-01-28 13:30:00,2020-01-28 19:30:00,2020-01-29 01:30:00,2020-01-29 07:30:00,2020-01-29 13:30:00,47.8869,10.287317,2112.0,1302.9352,2046.0,3
2020-02-27 09:30:00,2020-02-27 15:30:00,2020-02-27 21:30:00,2020-02-28 03:30:00,2020-02-28 09:30:00,47.668674,16.929598,4423.0,0.18429875,24.0,3
2020-06-28 22:30:00,2020-06-29 04:30:00,2020-06-29 10:30:00,2020-06-29 16:30:00,2020-06-29 22:30:00,47.539845,13.903868,15439.0,3206.2405,1071.0,1
2020-07-10 19:30:00,2020-07-11 01:30:00,2020-07-11 07:30:00,2020-07-11 13:30:00,2020-07-11 19:30:00,47.080612,13.184363,16727.0,46.7897,18.0,2
2020-07-23 06:30:00,2020-07-23 12:30:00,2020-07-23 18:30:00,2020-07-24 00:30:00,2020-07-24 06:30:00,46.408855,9.924653,17930.0,16.318703,25.0,1
2020-07-28 05:30:00,2020-07-28 11:30:00,2020-07-28 17:30:00,2020-07-28 23:30:00,2020-07-29 05:30:00,48.094822,16.32662,18422.0,9.796034,14.0,2
2020-08-01 06:30:00,2020-08-01 12:30:00,2020-08-01 18:30:00,2020-08-02 00:30:00,2020-08-02 06:30:00,46.456764,11.664135,18805.0,275.46515,85.0,4
2020-08-12 21:30:00,2020-08-13 03:30:00,2020-08-13 09:30:00,2020-08-13 15:30:00,2020-08-13 21:30:00,48.218796,9.14054,19851.0,147.10867,47.0,10
2020-08-13 19:30:00,2020-08-14 01:30:00,2020-08-14 07:30:00,2020-08-14 13:30:00,2020-08-14 19:30:00,46.13526,9.571077,19939.0,22.038546,14.0,9
2020-08-16 22:30:00,2020-08-17 04:30:00,2020-08-17 10:30:00,2020-08-17 16:30:00,2020-08-17 22:30:00,47.758858,16.164497,20231.0,15.288356,19.0,8
2020-08-17 00:30:00,2020-08-17 06:30:00,2020-08-17 12:30:00,2020-08-17 18:30:00,2020-08-18 00:30:00,46.102165,11.783475,20235.0,658.19995,301.0,8
2020-08-21 23:30:00,2020-08-22 05:30:00,2020-08-22 11:30:00,2020-08-22 17:30:00,2020-08-22 23:30:00,46.511005,9.19006,20694.0,26.822056,23.0,2
2020-08-30 00:30:00,2020-08-30 06:30:00,2020-08-30 12:30:00,2020-08-30 18:30:00,2020-08-31 00:30:00,46.463936,14.283611,21448.0,2935.3867,419.0,8
2020-09-05 10:30:00,2020-09-05 16:30:00,2020-09-05 22:30:00,2020-09-06 04:30:00,2020-09-06 10:30:00,48.690224,15.423752,22088.0,698.2043,627.0,1
2020-12-09 04:30:00,2020-12-09 10:30:00,2020-12-09 16:30:00,2020-12-09 22:30:00,2020-12-10 04:30:00,47.458336,13.62696,30292.0,430.87378,402.0,7
